pageid;title;resolved_title;image_url;enemies;first appearance;gender;home;occupation;other names;species;status
1259;Demi-God;Demi-God;https://static.wikia.nocookie.net/amazon-invincible/images/5/53/Demi-god_6.png/revision/latest/scale-to-width-down/268;Doc Seismic / Team Evil Invincible / Hairvincible † (attempted killer) /;Season 1;Male ♂;Earth;Superhero;;;Alive
2297;Iguana;Iguana;https://static.wikia.nocookie.net/amazon-invincible/images/e/ed/Iguana-render.png/revision/latest/scale-to-width-down/267;Guardians of the Globe /;2x05;Female ♀;Earth;Supervillain /;;Human;Deceased
2294;Salamander;Salamander;https://static.wikia.nocookie.net/amazon-invincible/images/5/53/Salamander.png/revision/latest/scale-to-width-down/268;Guardians of the GlobeShrinking Rae (killer) /;2x05;Male ♂;Earth;Supervillain;;Human;Deceased
8351;Gravitator;Gravitator;https://static.wikia.nocookie.net/amazon-invincible/images/6/67/Gravitator.png/revision/latest/scale-to-width-down/268;;5x0;Male ♂;;;Chris;Human;Alive
2404;Argall;Argall;https://static.wikia.nocookie.net/amazon-invincible/images/1/1f/Viltrumite_Emperor_Argall.png/revision/latest/scale-to-width-down/268;Thaedus † (former ally, killer) / 75% of the Relonians † / (victims) /;4x07;Male ♂;Former:Residence: Argall's Fortress / City: Viltrumite City / Planet: Viltrum /;Former: / Emperor / Sovereign Ruler of Viltrum /;Emperor Argall (official title) /;Viltrumite;Deceased
7557;Elia;Elia;https://static.wikia.nocookie.net/amazon-invincible/images/4/41/Elia.jpeg/revision/latest/scale-to-width-down/268;Viltrum Empire: / Grand Regent Thragg / General Kregg / Conquest † / Anissa / Lucan / Kradd † / Elix / Thula / Vidor † / Nolan's partner † / Two Grunts † / Various others / Others: / Data Twin II /;4x06;Female ♀;;Coalition Representative;Representative Elia;Alien;
7513;Elix;Elix;https://static.wikia.nocookie.net/amazon-invincible/images/d/db/Elix.png/revision/latest/scale-to-width-down/267;Coalition of Planets: / Thaedus † / Allen the Alien / Nolan / Space Racer / Captain Pikell / Tech Jacket / Gelderian Emperor / Elia / Mokk / Battle Beast / General Telia / Marvin / Data Twin I / Others: / Invincible / Young Omni-Man /;4x06;Female ♀;Current: / Residence: Unknown / City: Chicago, Illinois / Planet: Earth / Former: / Residence: Viltrumite City / City: Viltrum / Planet: Viltrum /;Military Soldier;TBA (Earth name) / Elix;Viltrumite;Alive
3663;Ed Thompson;Ed Thompson;https://static.wikia.nocookie.net/amazon-invincible/images/6/63/Ed_Thompson.png/revision/latest/scale-to-width-down/268;Viltrum Empire (presumably);4x05;Male ♂;Earth;;Ed / Edward Thompson;Human;Alive
7194;Kradd;Kradd;https://static.wikia.nocookie.net/amazon-invincible/images/3/36/1775787519833.png/revision/latest/scale-to-width-down/268;Coalition of Planets:Thaedus † / Allen the Alien / Nolan / Space Racer (killer) / Captain Pikell / Tech Jacket / Gelderian Emperor / Elia / Mokk / Battle Beast / General Telia / Marvin / Data Twin I / Others:Invincible / Oliver Grayson II /;4x05;Male ♂;Former: / Residence: Viltrumite City / City: Viltrum / Planet: Viltrum /;Military Soldier;Kradd;Viltrumite;Deceased
7021;Domina;Domina;https://static.wikia.nocookie.net/amazon-invincible/images/b/b1/Domina.png/revision/latest/scale-to-width-down/268;Volcanikka / Magmanites;4x04;Female ♀;Hell;;Domina Darkblood;Demon;Alive
6279;Volcanikka;Volcanikka;https://static.wikia.nocookie.net/amazon-invincible/images/c/c3/Volcanikka2.jpg/revision/latest/scale-to-width-down/267;Invincible / Damien Darkblood / Satan / Domina;4x04;Female ♀;Hell;Destroyer;Volcanikka;Lava Monster;Alive
6768;Magnattack;Magnattack;https://static.wikia.nocookie.net/amazon-invincible/images/7/71/Magnattack_Main_image.png/revision/latest/scale-to-width-down/268;Titan (killer) / Vanessa (attempted victim) / Fiona (attempted victim) /;4x03;Male ♂;;;Magnattack;Human;Deceased
2883;Captain Pikell;Captain Pikell;https://static.wikia.nocookie.net/amazon-invincible/images/1/16/CaptainPikell.png/revision/latest;Viltrum EmpireOthers: / Data Twin II /;4x02;Male ♂;;Co-Captain;The Captain / Pikell;Alien;Alive
7817;Councilor Tuva;Councilor Tuva;https://static.wikia.nocookie.net/amazon-invincible/images/5/5a/Tuva.png/revision/latest/scale-to-width-down/268;Viltrum EmpireOthers: / Data Twin II /;4x02;Female ♀;;Venture Crew Member;Tuva;Alien;Alive
8063;Download;Download;https://static.wikia.nocookie.net/amazon-invincible/images/f/f1/Download.png/revision/latest/scale-to-width-down/268;Viltrum EmpireOthers: / Data Twin II /;4x02;Male ♂;;Venture Crew Member;Download;Alien;Alive
6712;Nolan's father;Nolan's father;https://static.wikia.nocookie.net/amazon-invincible/images/0/0e/Nolan%E2%80%99s_father.jpeg/revision/latest/scale-to-width-down/268;Thaedus †;4x02;Male ♂;Residence: Viltrumite City / City: Viltrum / Planet: Viltrum /;Former: / Military Soldier /;;Viltrumite;Deceased
2313;Thragg;Thragg;https://static.wikia.nocookie.net/amazon-invincible/images/b/be/GrandRegentThragg-render.png/revision/latest/scale-to-width-down/268;Coalition of Planets: / Thaedus † (former ally, archenemy, victim) / Allen the Alien / Space Racer / Captain Pikell / Tech Jacket / Gelderian Emperor / Elia / Mokk / Battle Beast / General Telia / Marvin / Data Twin I / The Graysons: / Nolan (former ally, archenemy) / Invincible (archenemy) / Oliver Grayson /;4x02;Male ♂;Current:Residence: Viltrumite Cruiser / Planet: Earth's Moon / Former:Residence: Argall's Fortress / City: Viltrumite City / Planet: Viltrum /;Current:Grand Regent of Viltrum / Former:Regent of the Viltrum Empire /;Codenames:Grand Regent Thragg / (official title) / The Strongest Viltrumite (descriptor) /;Viltrumite;Alive
7902;Worg;Worg;https://static.wikia.nocookie.net/amazon-invincible/images/a/a0/Worg.png/revision/latest/scale-to-width-down/268;Viltrum EmpireOthers: / Data Twin II /;4x02;Male ♂;;Venture Crew Member;Worg;Alien;Alive
7454;City Kaiju;City Kaiju;https://static.wikia.nocookie.net/amazon-invincible/images/3/3f/City_Kaiju.jpeg/revision/latest/scale-to-width-down/268;Humans / The Police / Guardians of the Globe / Invincible;4x01;Male ♂;Hell (originally)Earth;City Destroyer;Kaijuzila / None;Kajiu;Deceased
3555;Dinosaurus;Dinosaurus;https://static.wikia.nocookie.net/amazon-invincible/images/8/87/Dinosaurus.png/revision/latest/scale-to-width-down/268;Invincible;4x01;Male ♂;Earth;Scientist;David Anders;Human (enhanced);Alive
6770;Rampage;Rampage;https://static.wikia.nocookie.net/amazon-invincible/images/6/63/Unnamed_orange_robot.png/revision/latest/scale-to-width-down/268;Young Omni-Man;4x01;Male ♂;;;;Robot;Unknown
3911;Universa;Universa;https://static.wikia.nocookie.net/amazon-invincible/images/c/c4/Universa.png/revision/latest/scale-to-width-down/268;Invincible / Atom Eve / Global Defense Agency /;4x01;Female ♀;;;Universa;Unknown;Alive
4221;Daphne;Daphne;https://static.wikia.nocookie.net/amazon-invincible/images/e/e9/DaphneRender.png/revision/latest/scale-to-width-down/267;;3x08;Female ♀;Earth;Scientist;Justine (comics) / Daphne;Human;Alive
4040;Satan;Satan;https://static.wikia.nocookie.net/amazon-invincible/images/e/e2/Satan.png/revision/latest;Volcanikka / Magmanites;3x08;Male ♂;Hell;King of Hell;The Great Beast / Satan;Demon;Alive
2698;Best Tiger;Best Tiger;https://static.wikia.nocookie.net/amazon-invincible/images/4/42/Best_Tiger.png/revision/latest/scale-to-width-down/268;Capevincible;3x07;Male ♂;Earth;Vigilante;;Human;Alive
3814;Bolt;Bolt;https://static.wikia.nocookie.net/amazon-invincible/images/8/8e/Bolt.png/revision/latest/scale-to-width-down/268;Team Evil Invincible:Movincihawk / Viltrum Empire:Conquest /;3x07;Male ♂;;Superhero;Bruce;Human(enhanced);Alive
2696;Brit;Brit;https://static.wikia.nocookie.net/amazon-invincible/images/e/eb/Britbrightened.png/revision/latest/scale-to-width-down/267;Team Evil Invincible / Lightblueincible † (victim) / Angstrom Levy / Powerplex;3x07;Male ♂;Earth;Military Soldier (formerly) / Superhero;Brit / Brit Sr. / Brittany;Human;Alive
3338;Cast Iron;Cast Iron;https://static.wikia.nocookie.net/amazon-invincible/images/d/da/Cast_Iron_%28better_quality%29.png/revision/latest;Team Evil Invincible:Prisonincible /;3x07;Male ♂;Russia;Superhero;Милош Стоякович (Cyrillic) / Milos Stojakovic (Romanized) /;Human;Alive
3891;El Chupacabra;El Chupacabra;https://static.wikia.nocookie.net/amazon-invincible/images/1/11/ElChupacabra.png/revision/latest/scale-to-width-down/267;Capevincible;3x07;Male ♂;Earth;Superhero;Francisco Vasquez;Human;Alive
3941;Kid Thor;Kid Thor;https://static.wikia.nocookie.net/amazon-invincible/images/b/b9/KidThor-render.png/revision/latest/scale-to-width-down/267;Team Evil Invincible:Movincihawk /;3x07;Male ♂;;Superhero;Mason;Human;Alive
3939;Knockout;Knockout;https://static.wikia.nocookie.net/amazon-invincible/images/d/d4/Knockout-render.png/revision/latest/scale-to-width-down/268;Team Evil Invincible:Movincihawk /;3x07;Female ♀;;Superhero;Sarah;Human;Alive
3679;Lightblueincible;Lightblueincible;https://static.wikia.nocookie.net/amazon-invincible/images/e/e6/Lightbluemarkrender.png/revision/latest/scale-to-width-down/268;Brit (presumed killer) / Donald Ferguson (presumed attempted victim) /;3x07;Male ♂;Alternate Earth;Supervillain;Codenames:Lightblueincible (posts) / By Fans:Alternate Mark #20 / Light Blue / Light / Markus Sebastian Grayson;Viltrumite-Human Hybrid (formerly) / ReAniman;Deceased
5555;List of Invincible minor characters;List of Invincible minor characters;https://static.wikia.nocookie.net/amazon-invincible/images/f/f3/NIANew.jpg/revision/latest/scale-to-width-down/268;Omnivincible;3x07;;;;;;Alive
3668;Nomaskible;Nomaskible;https://static.wikia.nocookie.net/amazon-invincible/images/6/68/Nomaskmarkrender.png/revision/latest/scale-to-width-down/165;The Hunk † (victim) / Angstrom Levy (former ally) /;3x07;Male ♂;Current:Universe: Wasteland Universe / Former:Universe: Nomaskible Universe / Planet: Alternate Earth /;Supervillain;Codenames: / Nomaskible (posts) / Maskless Mark (subtitles) / By Fans:Alternate Mark #18 / Unmasked / Maskless / No Mask / Gay / Gayvincible / Mark Gayson / Markus Sebastian Grayson;Viltrumite-Human Hybrid;Alive
3667;Stripevincible;Stripevincible;https://static.wikia.nocookie.net/amazon-invincible/images/c/c5/Stripevinciblerender.png/revision/latest/scale-to-width-down/267;British Knight † (victim) / Big Mildew (attempted victim) / Business Baby (attempted victim) / Angstrom Levy (former ally) /;3x07;Male ♂;Current:Universe: Wasteland Universe / Former:Universe: Stripevincible Universe / Planet: Alternate Earth /;Emperor (his Earth)Supervillain /;Codenames: / Stripevincible (posts) / By Fans: / Alternate Mark #17 / Stripe / Target / Emperor / Imperialist / Conquerer / Markus Sebastian Grayson;Viltrumite-Human Hybrid;Alive
2884;Tech Jacket;Tech Jacket;https://static.wikia.nocookie.net/amazon-invincible/images/d/d4/Tech-jacket.png/revision/latest/scale-to-width-down/268;Viltrum Empire:Grand Regent Thragg / General Kregg / Conquest † / Anissa / Thula / Lucan / Kradd † / Elix / Torth † / Various others / Team Evil Invincible:Mustachible † (victim) / Others:Kresh (archenemy) / The Walking Dread / Prison Alien Guards / Data Twin II /;3x07;Female ♀;Earth;Superhero /;Zoe Thompson;Human;Alive
2812;Wolf-Man;Wolf-Man;https://static.wikia.nocookie.net/amazon-invincible/images/6/6b/Wolf-Man_%28Gary_Hampton%29.png/revision/latest/scale-to-width-down/268;Zechariah / Team Evil Invincible:Viltrumincible (attempted killer) /;3x07;Male ♂;Earth;Businessman / Superhero;Gary Hampton;Werewolf / Human (formerly);Alive
3640;Barnett;Barnett;https://static.wikia.nocookie.net/amazon-invincible/images/9/9f/Barnett.jpg/revision/latest/scale-to-width-down/268;;3x06;Female ♀;;Lawyer;District Attorney / Barnett;Human;Alive
3099;Becky Duvall;Becky Duvall;https://static.wikia.nocookie.net/amazon-invincible/images/3/39/BeckyDuvall-render.png/revision/latest/scale-to-width-down/267;Invincible;3x06;Female ♀;Earth;Housewife / Criminal /;Becky Duvall;Human;Deceased
3112;Bulletproofible;Bulletproofible;https://static.wikia.nocookie.net/amazon-invincible/images/8/81/Bulletproofmarkrender.png/revision/latest/scale-to-width-down/267;ReAnimen (killers);3x06;Male ♂;Alternate Earth;Supervillain;Codenames:Bulletproofible (posts) / By Fans:Alternate Mark #9 / Bulletproof Invincible / Bulletproof Mark / Markus Sebastian Grayson;Viltrumite-Human Hybrid (formerly) / ReAniman;Deceased
3621;Capvincible;Capvincible;https://static.wikia.nocookie.net/amazon-invincible/images/5/5b/Capvincible_Render.png/revision/latest/scale-to-width-down/268;Kid Omni-Man (killer) / Bug-Eye (killer) / Throwbolt (killer) /;3x06;Male ♂;Former:Alternate Universe;Supervillain;Codenames:Capvincible (posts) / Burger Mark (original concept) / By Fans:Alternate Mark #2 / Bald / Cap / Cowl / Markus Sebastian Grayson;Viltrumite-Human Hybrid (formerly) / ReAniman;Deceased
3616;Flaxancible;Flaxancible;https://static.wikia.nocookie.net/amazon-invincible/images/0/02/Flaxanmark.png/revision/latest/scale-to-width-down/268;Donald Ferguson / Cecil Stedman (indirect killer) / Global Defense Agency / ReAnimen (killers);3x06;Male ♂;Alternate Flaxan Dimension;Supervillain;Codenames: / Flaxancible (posts) / Flaxan Mark (Ryan Ottley's Twitter post) / By Fans:Alternate Mark #13 / Flaxan Invincible / Markus Sebastian Grayson;Viltrumite-Human Hybrid (formerly) / ReAniman;Deceased
3622;Gogglesvincible;Gogglesvincible;https://static.wikia.nocookie.net/amazon-invincible/images/2/29/Gogglesvincible_Render.png/revision/latest/scale-to-width-down/268;Teen Team: (attempted victims) / Mainstream Rex Splode † (killer) / Bulletproof / Robot / Monster Girl / Others: / Alternate Rex Splode † (victim) /;3x06;Male ♂;Former:Universe: Gogglesvincible Universe / Planet: Alternate Earth /;Supervillain;Codenames:Gogglesvincible (posts) / By Fans:Alternate Mark #1 / Retro / Bug Eyed / Goggles / Nicknames:Dickhead (by Rex Splode) / Markus Sebastian Grayson;Viltrumite-Human Hybrid;Deceased
2724;Hairvincible;Hairvincible;https://static.wikia.nocookie.net/amazon-invincible/images/f/f7/Longhairmarkrender.png/revision/latest/scale-to-width-down/268;Demi-God (attempted victim) / Unnamed hero (attempted victim) / Kid Omni-Man (killer) / Bug-Eye (killer) / Throwbolt (killer) /;3x06;Male ♂;Alternate Earth;Supervillain;Codenames: / Hairvincible (posts) / Long Hair Invincible (subtitles) / By Fans: / Alternate Mark #15 / Long Hair / Markus Sebastian Grayson;Viltrumite-Human Hybrid (formerly) / ReAniman;Deceased
3619;Hoodvincible;Hoodvincible;https://static.wikia.nocookie.net/amazon-invincible/images/9/9a/Veilmarkrender.png/revision/latest/scale-to-width-down/268;Two Punch Man (attempted victim) / Burly (attempted victim) / Shrapnel † (indirect victim) / Pangea (attempted victim) / Unnamed hero (attempted victim) / Invincible / Atom Eve / ReAnimen / Cecil Stedman (indirectly) / Global Defense Agency (indirectly) /;3x06;Male ♂;Alternate Earth;Supervillain;By Devs: / Hoodvincible (posts) / Veil Invincible (subtitles) / Grifter Cloth Mark / By Fans:Alternate Mark 8 / Hood Invincible / Shiesty Invincible / Shiesty Mark / Cloth Invincible / Cowboy Invincible / Grifter Invincible / Napkin-Face Invincible / Markus Sebastian Grayson;Viltrumite-Human Hybrid;Deceased
3618;Jack Duvall;Jack Duvall;https://static.wikia.nocookie.net/amazon-invincible/images/0/0b/JackDuvall.png/revision/latest;;3x06;Male ♂;Earth;;Jack Duvall;Human;Deceased
3604;Maskvincible;Maskvincible;https://static.wikia.nocookie.net/amazon-invincible/images/3/35/Maskedmark.png/revision/latest/scale-to-width-down/267;Angstrom Levy (former ally) /;3x06;Male ♂;Current:Universe: Wasteland Universe / Former:Universe: Maskvincible Universe / Planet: Alternate Earth /;Supervillain;Codenames: / Maskvincible (posts) / By Fans:Alternate Mark #4 / Full Masked / Mask / Dark / Phantom / Invincible Noir / Spider-Mark / Markus Sebastian Grayson;Viltrumite-Human Hybrid;Alive
2676;Movincihawk;Movincihawk;https://static.wikia.nocookie.net/amazon-invincible/images/6/61/MohawkMark.png/revision/latest/scale-to-width-down/267;Invincible / Powerplex / Guardians of the Globe / Capes Inc. / Main Debbie Grayson (attempted victim) / Angstrom Levy (former ally) /;3x06;Male ♂;Current:Universe: Wasteland Universe / Former:Universe: Movincihawk Universe / Planet: Alternate Earth /;Supervillain /;Codenames: / Movincihawk (posts) / Mohawk Invincible / Mohawk Mark (both by Ryan Ottley's Twitter posts) / By Fans:Alternate Mark #14 / Markus Sebastian Grayson;Viltrumite-Human Hybrid;Alive
3596;Mustachible;Mustachible;https://static.wikia.nocookie.net/amazon-invincible/images/2/20/Mustachemarkrender.png/revision/latest/scale-to-width-down/268;Tech Jacket (killer);3x06;Male ♂;Alternate Viltrum;Viltrumite SoldierSupervillain;Codenames: / Mustachible (posts) / By Fans:Alternate Mark #5 / Mustache Mark / Moustache Invincible / Markus Sebastian Grayson;Viltrumite-Human Hybrid (formerly) / ReAniman;Deceased
3225;Nogogglesible;Nogogglesible;https://static.wikia.nocookie.net/amazon-invincible/images/2/22/Lenselessmarkrender.png/revision/latest/scale-to-width-down/267;Guardians of the Globe: (attempted victims) / The Immortal (victim) / Black Samson / Dupli-Kate / Shapesmith / Darkwing II / Others: / Ka-Hor /;3x06;Male ♂;Current:Universe: Shadow-Verse / Former:Universe: Nogogglesible Universe / Planet: Alternate Earth /;Supervillain;Codenames: / Nogogglesible (posts) / Lensless Invincible (subtitles) / By Fans: / Alternate Mark #12 / No Goggles / Mogging / Void / Nicknames: / Pale Imitation (by The Immortal) / Markus Sebastian Grayson;Viltrumite-Human Hybrid;Unknown
3600;Omnivincible;Omnivincible;https://static.wikia.nocookie.net/amazon-invincible/images/d/d8/Omnimarkrender.png/revision/latest/scale-to-width-down/268;Invincible / Main Atom Eve (attempted victim) / ReAnimen / Cecil Stedman (indirectly) / Global Defense Agency (indirectly) / Angstrom Levy (former ally) / Alternate Atom Eve;3x06;Male ♂;Current:Universe: Wasteland Universe / Former:Universe: Omnivincible Universe / Planet: Alternate Earth /;Supervillain;Codenames:Omnivincible (posts) / Omni-Mark (Ryan Ottley's Twitter post) / By Fans:Alternate Mark #7 / Omni-Invincible / Omni-Man II / Markus Sebastian Grayson;Viltrumite-Human Hybrid;Alive
2882;Powerplex;Powerplex;https://static.wikia.nocookie.net/amazon-invincible/images/5/59/Powerplex-render.png/revision/latest/scale-to-width-down/268;Invincible (archenemy) / Omni-Man (indirectly) / Shapesmith / Atom Eve / Guardians of the Globe / Cecil Stedman / Global Defense Agency / Brit / Movincihawk / Kid Omni-Man / Angstrom Levy (indirectly);3x06;Male ♂;Chicago, Illinois, United States, Earth /;Scientist (formerly) / Supervillain /;Scott Duvall;Human (enhanced) /;Alive
2719;Prisonincible;Prisonincible;https://static.wikia.nocookie.net/amazon-invincible/images/6/69/Invincible_%28Alternate_Universe_11%29.png/revision/latest/scale-to-width-down/203;Cast Iron / Angstrom Levy (former ally) /;3x06;Male ♂;Current:Universe: Wasteland Universe / Former:Universe: Prisonincible Universe / Prison: Alternate Viltrumite Prison (escaped) /;Prisoner (formerly)Supervillian;Codenames: / Prisonincible (posts) / Viltrumite Prison Mark (Ryan Ottley's Twitter post) / By Fans: / Alternate Mark #11 / Prisoner / Scorched / Veiny / Mark Skywalker / Markus Sebastian Grayson;Viltrumite-Human Hybrid;Alive
2678;Viltrumincible;Viltrumincible;https://static.wikia.nocookie.net/amazon-invincible/images/a/a2/Viltrumitemarkrender.png/revision/latest/scale-to-width-down/268;Wolf-Man / Angstrom Levy (former ally) / Others: / Alternate Wolf-Man † (victim) /;3x06;Male ♂;Current:Universe: Wasteland Universe / Former:Universe: Viltrumincible Universe / Planet: Alternate Viltrum /;Viltrumite SoldierSupervillain;Codenames: / Viltrumincible (posts) / By Fans: / Alternate Mark #8 / Viltrum Invincible / Viltrum Mark / Viltrumite Invincible / Viltrumite Mark / Markus Sebastian Grayson;Viltrumite-Human Hybrid;Alive
4279;Elite Guard;Elite Guard;https://static.wikia.nocookie.net/amazon-invincible/images/3/32/Elite_Guard.png/revision/latest/scale-to-width-down/268;Multi-Paul /;3x05;Male ♂;Earth;;;Human;Alive
3530;Embrace;Embrace;https://static.wikia.nocookie.net/amazon-invincible/images/b/b3/Embrace.png/revision/latest/scale-to-width-down/268;;3x05;Female ♀;Earth;;;Human;Alive
3542;The Face;The Face;https://static.wikia.nocookie.net/amazon-invincible/images/a/ab/Theface.png/revision/latest/scale-to-width-down/268;Global Defense Agency / Invincible / Atom Eve;3x05;Male ♂;Earth;Crimelord for The Order;;Human (Modified);Alive
3536;Insomniac;Insomniac;https://static.wikia.nocookie.net/amazon-invincible/images/b/b3/Insomniac.png/revision/latest/scale-to-width-down/268;Invincible;3x05;Male ♂;;Crimelord / Member of The Order;;Human;
4428;Payton Warden;Payton Warden;https://static.wikia.nocookie.net/amazon-invincible/images/f/f0/PaytonPrisonWarden-render.png/revision/latest/scale-to-width-down/268;Multi-Paul / Mister Liu / Movincihawk /;3x05;Female ♀;Earth;Warden;;Human;Unknown
3532;Red Eye;Red Eye;https://static.wikia.nocookie.net/amazon-invincible/images/a/a3/Red_eye_Main_image.png/revision/latest/scale-to-width-down/268;Invincible;3x05;Male ♂;;;Red Eye;;Alive
3538;Slaying Mantis;Slaying Mantis;https://static.wikia.nocookie.net/amazon-invincible/images/1/10/Slayingmantis.png/revision/latest/scale-to-width-down/268;Global Defense Agency / Invincible / Business Baby / Big Mildew /;3x05;Male ♂;Earth;;;;Alive
3811;Tsing Cha;Tsing Cha;https://static.wikia.nocookie.net/amazon-invincible/images/7/7a/Tsing_Cha.png/revision/latest/scale-to-width-down/268;;3x05;Male ♂;;;青茶查 (Hanzi) / Tsing Cha /;Human (Cursed);Alive (mentally disabled)
3540;The Walking Dread;The Walking Dread;https://static.wikia.nocookie.net/amazon-invincible/images/9/90/The_Walking_Dread.png/revision/latest/scale-to-width-down/268;Invincible / Tech Jacket;3x05;Male ♂;;Supervillain;;Unknown;Alive (Incarcerated)
4470;Invincible/Future Timeline;Invincible/Future Timeline;https://static.wikia.nocookie.net/amazon-invincible/images/f/f3/NIANew.jpg/revision/latest/scale-to-width-down/268;Thragg † (in his timeline) /;3x04;Male ♂;Earth;Current:Emperor / Former:Upstate University Student (dropped out) / Reginald Vel Johnson High School Student (graduated) / Burger Mart Employee (resigned) / Agent of Invincible Inc. / Superhero Mentor / Superhero /;InvincibleEmperor Mark / Markus Sebastian Grayson;Viltrumite-Human Hybrid;
3441;The Immortal/Future Timeline;The Immortal/Future Timeline;https://static.wikia.nocookie.net/amazon-invincible/images/0/00/TheImmortalAltFuture.png/revision/latest/scale-to-width-down/268;Mainstream Invincible / Fightmaster / Dropkick (attempted victim) /;3x04;Male ♂;Earth;Celtic Warrior (formerly) / Knight (formerly) / President of the United States (formerly) / Superhero (formerly) / King of Earth;Abraham Lincoln / The Immortal;Human;Deceased
3581;Teen Boy 1;Teen Boy 1;https://static.wikia.nocookie.net/amazon-invincible/images/b/bf/Lookinggoofuman2.png/revision/latest/scale-to-width-down/267;Skater Boy / Skater Girl / Oliver Grayson;3x03;Male ♂;;Upstate University Student;;Human;Alive
7456;Beach Kaiju;Beach Kaiju;https://static.wikia.nocookie.net/amazon-invincible/images/5/59/Beach_Kaiju.png/revision/latest/scale-to-width-down/268;Nolan (killer);3x02;;Hell (possibly) / Earth;Monster;;Kaiju;Deceased
3417;Force Fist;Force Fist;https://static.wikia.nocookie.net/amazon-invincible/images/1/15/Force_Fist.png/revision/latest/scale-to-width-down/268;Cecil Stedman (killer) / Komodo Dragon †;3x02;Male ♂;Earth;Supervillain;;Human;Deceased
5076;Helen;Helen;https://static.wikia.nocookie.net/amazon-invincible/images/c/c1/Helen.jpg/revision/latest/scale-to-width-down/268;;3x02;Female ♀;Earth;Current:Upstate University Student / Former:Reginald Vel Johnson High School Student (graduated) /;Helen;Human;Unknown
3449;Knuckle Buster;Knuckle Buster;https://static.wikia.nocookie.net/amazon-invincible/images/8/84/Knuckle_Buster.png/revision/latest/scale-to-width-down/268;Cecil Stedman (killer) / Komodo Dragon †;3x02;Female ♀;Earth;Supervillain;;Human;Deceased
3083;Radcliffe;Radcliffe;https://static.wikia.nocookie.net/amazon-invincible/images/5/5a/Radcliffe-render.png/revision/latest/scale-to-width-down/268;Lizard League: / Komodo Dragon † /;3x02;Male ♂;Residence: Unknown / City: Unknown / Country: United States / Planet: Earth /;Former: / Director of the Global Defense Agency /;Director Radcliffe;Human;Unknown
4628;Three-Eyes;Three-Eyes;https://static.wikia.nocookie.net/amazon-invincible/images/8/8a/Three-Eyes-render.png/revision/latest/scale-to-width-down/267;Mister Liu (attempted killer) /;3x02;Male ♂;Payton Penitentiary;CriminalPrisoner;;Unknown;Alive
3329;Dropkick;Dropkick;https://static.wikia.nocookie.net/amazon-invincible/images/0/02/Dropkick.png/revision/latest/scale-to-width-down/268;The Immortal † (attempted killer);3x01;Male ♂;Earth (future);;;Human;Alive
3328;Fightmaster;Fightmaster;https://static.wikia.nocookie.net/amazon-invincible/images/7/77/Fightmaster.png/revision/latest/scale-to-width-down/268;The Immortal †;3x01;Male ♂;Earth (future);;;Human;Alive
2601;Agent Spider;Agent Spider;https://static.wikia.nocookie.net/amazon-invincible/images/5/53/AgentSpider-render.png/revision/latest/scale-to-width-down/268;Prof. Ock (arch-nemesis);2x08;Male ♂;Alternate Earth;Superhero;Agent Spider;Human;Alive
2619;Angstrom Jr.;Angstrom Jr.;https://static.wikia.nocookie.net/amazon-invincible/images/4/44/AngstromSon.png/revision/latest/scale-to-width-down/268;Capevincible (killer);2x08;Male ♂;Earth;;Angstrom Levy Jr.;Human;Deceased
2641;Atom Eve/Alternate Timeline;Atom Eve/Alternate Timeline;https://static.wikia.nocookie.net/amazon-invincible/images/2/24/Future_eve_render.png/revision/latest/scale-to-width-down/268;Angstrom Levy;2x08;Female ♀;Earth (Alternate Future);Superhero;Samantha Eve Wilkins;Human (Genetically Engineered) /;Erased
2651;Caped Vigilante;Caped Vigilante;https://static.wikia.nocookie.net/amazon-invincible/images/2/2f/CapedVigilante-render.png/revision/latest/scale-to-width-down/268;;2x08;Male ♂;Earth (Alternate Universe);Superhero;"Unknown Alias (contains ""bat"" and ""man"")";Human;
2385;Capevincible;Capevincible;https://static.wikia.nocookie.net/amazon-invincible/images/d/d0/Cape_Mark.png/revision/latest/scale-to-width-down/268;Alternate Angstrom Levy † / Alternate Angstrom Jr. † (victim) / Best Tiger (attempted victim) / El Chupacabra (attempted victim) / Angstrom Levy (former ally) /;2x08;Male ♂;Current:Universe: Wasteland Universe / Former:Universe: Capevincible Universe / Planet: Alternate Earth /;Supervillain;Codenames: / Capevincible (posts) / Sinister Invincible (subtitles) / Zombie Invincible (original concept) / By Fans: / Alternate Mark #16 / Sinister / Golden Cape / Sinistervincible / Nicknames:Idiot (by Movincihawk) / Markus Sebastian Grayson;Viltrumite-Human Hybrid;Alive
2911;Cop Slayer Invincible;Cop Slayer Invincible;https://static.wikia.nocookie.net/amazon-invincible/images/7/72/Other_Mark.png/revision/latest/scale-to-width-down/268;Angstrom Levy † / Unnamed police officers † (victims) /;2x08;Male ♂;Earth;Supervillain;Markus Sebastian Grayson;Viltrumite-Human Hybrid;Alive
2913;Executioner Invincible;Executioner Invincible;https://static.wikia.nocookie.net/amazon-invincible/images/1/10/Invinciblekills.png/revision/latest/scale-to-width-down/268;Angstrom Levy / Unnamed prisoners † (victims) /;2x08;Male ♂;Earth;Supervillain / Executioner;Markus Sebastian Grayson;Viltrumite-Human Hybrid;Alive
2912;Flyby Invincible;Flyby Invincible;https://static.wikia.nocookie.net/amazon-invincible/images/c/ce/Invincible_%26_Omni-Man_Fly.png/revision/latest/scale-to-width-down/268;Angstrom Levy;2x08;Male ♂;Earth;Supervillain;Markus Sebastian Grayson;Viltrumite-Human Hybrid;Alive
2823;Jane;Jane;https://static.wikia.nocookie.net/amazon-invincible/images/0/0f/Jane-render.png/revision/latest/scale-to-width-down/268;;2x08;Female ♀;;Archaeologist;Jane;Human;Alive
2846;Kid Thor/Alternate Timeline;Kid Thor/Alternate Timeline;https://static.wikia.nocookie.net/amazon-invincible/images/1/1f/AlternateKidThor-render.png/revision/latest/scale-to-width-down/268;Angstrom Levy;2x08;;Earth;Superhero;Mason;Human;Erased
2848;Knockout/Alternate Timeline;Knockout/Alternate Timeline;https://static.wikia.nocookie.net/amazon-invincible/images/b/b2/Knockout.png/revision/latest/scale-to-width-down/268;Angstrom Levy;2x08;Female ♀;Earth;Superhero;Sarah;Human;Erased
2638;Prof. Ock;Prof. Ock;https://static.wikia.nocookie.net/amazon-invincible/images/a/a3/Professor_ock_invincible_neutral_pose_png_.png/revision/latest/scale-to-width-down/268;Agent Spider (arch-nemesis) / Invincible;2x08;Male ♂;;Supervillain;Professor Octopus / Mr. Mechanical-Arms / Old Man;Human;Alive
2822;Riley;Riley;https://static.wikia.nocookie.net/amazon-invincible/images/1/15/Riley-render.png/revision/latest/scale-to-width-down/267;;2x08;Female ♀;;Archaeologist;Riley;Human;Alive (possessed by Ka-Hor)
2844;Robot/Alternate Timeline;Robot/Alternate Timeline;https://static.wikia.nocookie.net/amazon-invincible/images/c/c1/Robot%28Future%29.png/revision/latest/scale-to-width-down/267;Angstrom Levy /;2x08;Male ♂;Earth;Alternate Guardians leader;"Rudolph ""Rex"" Connors";Human;Erased
2621;Sportvincible;Sportvincible;https://static.wikia.nocookie.net/amazon-invincible/images/7/77/Sportvincible.png/revision/latest/scale-to-width-down/268;Alternate Angstrom Levy †Alternate Angstrom’s wife or girlfriend † (victim)Tech Jacket (possible killer) /;2x08;Male ♂;Former:Universe: Sportvincible Universe / Planet: Alternate Earth /;Supervillain;Codenames: / Sportvincible (posts) / Prophet Invincible (original concept) / By Fans: / Alternate Mark #10 / Tracksuit / Gripper / CW / Markus Sebastian Grayson;Viltrumite-Human Hybrid (formerly) / ReAniman;Deceased
2826;Taylor;Taylor;https://static.wikia.nocookie.net/amazon-invincible/images/7/7f/TaylorExhausted.png/revision/latest/scale-to-width-down/267;;2x08;Male ♂;Earth;Jogger;;Human;Alive
3486;Viltrumite Executioner 2;Viltrumite Executioner 2;https://static.wikia.nocookie.net/amazon-invincible/images/a/ad/Executioner_II.png/revision/latest/scale-to-width-down/268;Allen the Alien / Nolan (attempted victim) / Battle Beast (killer) /;2x08;Male ♂;Former: / Residence: Viltrumite City / City: Viltrum / Planet: Viltrum /;Executioner / Military Soldier /;;Viltrumite;Deceased
2316;Anissa;Anissa;https://static.wikia.nocookie.net/amazon-invincible/images/0/01/Viltrumite_Anissa.png/revision/latest/scale-to-width-down/267;Coalition of Planets: / Thaedus † / Allen the Alien / Nolan / Space Racer / Captain Pikell / Tech Jacket / Gelderian Emperor / Elia / Mokk / Battle Beast / General Telia / Marvin / Data Twin I / Global Defense Agency: / Director Cecil Stedman / Donald Ferguson / Others: / Invincible / Kid Omni-Man / Amber Bennett /;2x07;Female ♀;Current: / Residence: Unknown / City: TBA / Planet: Earth / Former: / Residence: Viltrumite City / City: Viltrum / Planet: Viltrum /;Military Soldier;Codenames: Viltrumite Subject 3 / (G.D.A. Title) / Strongest Female Viltrumite (descriptor) / Anissa;Viltrumite;Alive
2604;Cruise Kaiju;Cruise Kaiju;https://static.wikia.nocookie.net/amazon-invincible/images/2/2e/Cruise_Kaiju.webp/revision/latest/scale-to-width-down/268;Cruisers (attempted victims) / Invincible (attempted victim) / Anissa (killer);2x07;Female ♀;Earth;;Cruise Kaiju / Behemoth-Class Kaiju (by G.D.A worker);Kaiju;Deceased
2549;Filip Schaff;Filip Schaff;https://static.wikia.nocookie.net/amazon-invincible/images/6/6c/FilipSchaff-render.png/revision/latest/scale-to-width-down/268;;2x07;Male ♂;Earth /;Comic Book Creator;Seance Dog Creator;Human;Alive
2548;Octoboss;Octoboss;https://static.wikia.nocookie.net/amazon-invincible/images/6/6b/Octoboss_Transparent.png/revision/latest/scale-to-width-down/268;Guardians of the Globe / Rex Splode / Invincible;2x07;Male ♂;Earth;Supervillain;OctobossDavy Jones (by Rex);Squidmen;Alive
2481;April Howsam;April Howsam;https://static.wikia.nocookie.net/amazon-invincible/images/b/ba/April_Howsam_1.png/revision/latest/scale-to-width-down/268;;2x06;Female ♀;Earth;Nanny;April Howsam;Human;Alive
2510;Four-Armed-Tailor;Four-Armed-Tailor;https://static.wikia.nocookie.net/amazon-invincible/images/5/5a/FourArmsGuy.png/revision/latest/scale-to-width-down/268;;2x06;Male ♂;Earth;Tailor;Four-Armed-Tailor;Human;Alive
3872;Nolan's partner;Nolan's partner;https://static.wikia.nocookie.net/amazon-invincible/images/f/f9/Nolan%E2%80%99s_partner.jpg/revision/latest/scale-to-width-down/268;Rognarr (killer);2x06;Female ♀;Former: / Residence: Viltrumite City / City: Viltrum / Planet: Viltrum /;Soldier;;Viltrumite;Deceased
2505;Space Racer;Space Racer;https://static.wikia.nocookie.net/amazon-invincible/images/c/ca/Space_Racer_2.png/revision/latest/scale-to-width-down/268;Viltrum EmpireKradd † (victim) / Others: / Data Twin II /;2x06;Male ♂;Nomadic /;Space Nomad / Coalition Soldier /;Space Rider / The Man with the Invincible Gun /;Unknown;Alive /
2463;Jerry;Jerry;https://static.wikia.nocookie.net/amazon-invincible/images/c/cf/Jerry.png/revision/latest/scale-to-width-down/268;Lizard LeagueIguana † (killer) /;2x05;Male ♂;Earth;Soldier;;Human;Deceased
2299;Komodo Dragon;Komodo Dragon;https://static.wikia.nocookie.net/amazon-invincible/images/7/73/KomodoDragon-render.png/revision/latest/scale-to-width-down/267;Guardians of the GlobeKnuckle Buster † / Force Fist † / Cecil Stedman / Radcliffe;2x05;Male ♂;;Supervillain;;Human-Reptilian Hybrid;Deceased
2381;Omnipotus;Omnipotus;https://static.wikia.nocookie.net/amazon-invincible/images/0/09/Omnipotus_Transparent.png/revision/latest/scale-to-width-down/268;Guardians of the Globe / Superheroes /;2x05;Male ♂;;Supervillain;Omnipotus;Unknown;Alive
1967;Andressa;Andressa;https://static.wikia.nocookie.net/amazon-invincible/images/6/6d/Andressa_Old.png/revision/latest/scale-to-width-down/268;Viltrum EmpireLucan (attempted killer) / Vidor † / Thula /;2x04;Female ♀;Thraxa;Empress of Thraxa (formerly);Andressa;Thraxan;Deceased
1786;Oliver Grayson II;Oliver Grayson II;https://static.wikia.nocookie.net/amazon-invincible/images/e/ed/Young_Omni-Man.png/revision/latest/scale-to-width-down/268;Viltrum Empire: / Grand Regent Thragg (attempted killer) / Conquest † (attempted killer) / General Kregg / Lucan (attempted killer) / Vidor † / Thula / Anissa / Kradd † / Elix / Team Evil Invincible: / Angstrom Levy / Capvincible † (victim) / Hairvincible † (victim) / Others: / Mauler Twins † (victims) / Elephant / Teen Boy 1 / Teen Boy 2 / Young Man (bully) / Powerplex / Rampage / Mister Liu /;2x04;Male ♂;Current:Residence: Grayson House / City: Chicago, Illinois / Country: United States / Planet: Earth / Former:Residence: Thraxan Royal Palace / City: Thraxan City / Planet: Thraxa /;Superhero;Viltrumite Subject 2A (G.D.A. Title) / Oliver Grayson II (named after his adoptive grandfather);Viltrumite-Thraxan Hybrid;Alive (comatose)
2325;Data Twins;Data Twins;https://static.wikia.nocookie.net/amazon-invincible/images/f/f9/ThinDataTwin-render.png/revision/latest/scale-to-width-down/120;Viltrum Empire (Data Twin I);2x03;;Talescria;Data Analysts (both)Coalition Mole (Data Twin II);Data Entry Guys / Sparky (Data Twin I, by Allen);Aliens;Alive (both)
2045;Gelderian Emperor;Gelderian Emperor;https://static.wikia.nocookie.net/amazon-invincible/images/e/ef/Gelderian_Emperor.png/revision/latest/scale-to-width-down/268;Viltrumites;2x03;Male ♂;Gelderia;Emperor of Gelderia / Member of the Coalition of Planets;;Gelderian;Alive
1909;Lucan;Lucan;https://static.wikia.nocookie.net/amazon-invincible/images/3/34/Viltrumite_Lucan.png/revision/latest/scale-to-width-down/267;Coalition of Planets: / Thaedus † / Allen the Alien / Nolan / Space Racer / Captain Pikell / Tech Jacket / Gelderian Emperor / Elia / Mokk / Battle Beast / General Telia / Marvin / Data Twin I / Thraxans: / Andressa † / Nuolzot † / Others: / Invincible / Oliver Grayson /;2x03;Male ♂;Current: / Residence: TBA / City: Chicago, Illinois / Country: United States / Planet: Earth / Former: / Residence: Viltrumite City / City: Viltrum / Planet: Viltrum /;Current: / Military Soldier / Businessman (cover) /;Lucan TBA (Earth name);Viltrumite;Alive
2869;Marvin;Marvin;https://static.wikia.nocookie.net/amazon-invincible/images/3/35/Marvin.png/revision/latest/scale-to-width-down/267;Viltrum Empire;2x03;Male ♂;Unopa (destroyed) / Talescria;;;Unopan;Alive
2312;Mokk;Mokk;https://static.wikia.nocookie.net/amazon-invincible/images/2/25/Mokk.png/revision/latest/scale-to-width-down/267;Viltrum Empire: / Grand Regent Thragg / General Kregg / Conquest † / Anissa / Lucan / Kradd † / Thula / Elix / Vidor † / Nolan's partner † / Two Grunts † / Various others / Others: / Data Twin II /;2x03;Male ♂;Dornin;Ambassador of the Coalition of Planets;Ambadassor Mokk;Dornian /;Alive
2029;Nuolzot;Nuolzot;https://static.wikia.nocookie.net/amazon-invincible/images/1/16/Nuolzot-render.png/revision/latest/scale-to-width-down/267;Viltrum EmpireLucan / Vidor † / Thula /;2x03;Male ♂;Thraxa;Spy / Diplomat;Seance Dog / Nuolzot;Thraxan;Deceased
1934;Telia;Telia;https://static.wikia.nocookie.net/amazon-invincible/images/e/ed/TeliaUniform-render.png/revision/latest/scale-to-width-down/267;Viltrum EmpireOthers:Data Twin II /;2x03;Female ♀;Residence: Allen's Home / City: Talescria / Planet: Talescria /;Military General;General Telia;Unknown;Alive
1855;Thaedus;Thaedus;https://static.wikia.nocookie.net/amazon-invincible/images/4/4e/ThaedusFB.png/revision/latest/scale-to-width-down/268;Viltrum Empire: / Emperor Argall † (victim) / Grand Regent Thragg (killer) / General Kregg / Conquest † / Anissa / Lucan / Thula / Kradd † / Elix / Vidor † / Nolan's partner † / Executioner 1 † / Executioner 2 † / 38 others / 99.9% others † (victims) / Others:Data Twin II † /;2x03;Male ♂;Current: / Residence: Coalition Headquarters / City: Talescria / Planet: Talescria / Former: / Residence: Viltrumite City / City: Viltrum / Planet: Viltrum /;Former:Leader of the Coalition of Planets / Member of the Viltrumite Council /;Great Thaedus / Wise Thaedus / The Betrayer /;Viltrumite;Deceased
2116;Theo;Theo;https://static.wikia.nocookie.net/amazon-invincible/images/6/65/Theo2.png/revision/latest/scale-to-width-down/268;Omni-Man / Debbie Grayson;2x03;Male ♂;Earth;Unknown;Theodore;Human;Unknown
2043;Thraxan;Thraxan;https://static.wikia.nocookie.net/amazon-invincible/images/4/44/Thraxans-render.png/revision/latest/scale-to-width-down/268;Viltrum Empire: / Lucan / Vidor † / Thula /;2x03;;Thraxa;;;;Active /
8087;Unnamed Council Member 1;Unnamed Council Member 1;https://static.wikia.nocookie.net/amazon-invincible/images/6/6e/Unnamed_Council_Member_1.png/revision/latest/scale-to-width-down/268;Viltrum Empire: / Grand Regent Thragg / General Kregg / Conquest † / Anissa / Lucan / Kradd † / Elix / Thula / Vidor † / Nolan's partner † / Two Grunts † / Various others / Others: / Data Twin II /;2x03;Male ♂;;Ambassador of the Coalition of Planets;;Alien;
8173;Unnamed Council Member 2;Unnamed Council Member 2;https://static.wikia.nocookie.net/amazon-invincible/images/d/d0/Unnamed_Council_Member_2.png/revision/latest/scale-to-width-down/268;;2x03;Male ♂;;Ambassador of the Coalition of Planets;;Unknown;
2048;Vidor;Vidor;https://static.wikia.nocookie.net/amazon-invincible/images/d/d6/Vidor1.png/revision/latest/scale-to-width-down/267;Allen the Alien / Nolan (killer) / Invincible / Andressa † / Nuolzot † / All other unnamed Thraxans /;2x03;Male ♂;Former: / Residence: Viltrumite City / City: Viltrum / Planet: Viltrum /;Military Soldier;Biclop (by Allen the Alien) / Vidor;Viltrumite;Deceased
2872;Vorg;Vorg;https://static.wikia.nocookie.net/amazon-invincible/images/3/33/Vorgrender.png/revision/latest/scale-to-width-down/268;;2x03;Male ♂;Residence: Allen's Home / City: Talescria / Planet: Talescria /;Allen's Pet;;Unopan Feline;Alive
2113;Caitlin Stedman;Caitlin Stedman;https://static.wikia.nocookie.net/amazon-invincible/images/2/25/Caitlin_Steadman.png/revision/latest/scale-to-width-down/268;Invincible / Omni-Man † / Angstrom Levy;2x02;Female ♀;Earth;Director of the Global Defense Agency;Caitlin Stedman;Human;Alive
1866;Darkwing II;Darkwing II;https://static.wikia.nocookie.net/amazon-invincible/images/4/4d/DarkwingII-render.png/revision/latest/scale-to-width-down/267;Omni-Man / Doc Seismic / Mauler Twins / Nogogglesible;2x02;Male ♂;Midnight City /;Superhero / Vigilante / Supervillain (formerly);Nightboy (former alter-ego) / Darkwing (current alter-ego) / Benjamin Taylor;Human (enhanced) /;Unknown
7777;Defeated Invincible;Defeated Invincible;https://static.wikia.nocookie.net/amazon-invincible/images/9/9b/Invincible_Imprisoned.png/revision/latest/scale-to-width-down/268;Angstrom Levy / Global Defense Agency / Caitlin Stedman / Denise Ferguson /;2x02;Male ♂;Earth;Supervillain / Prisoner;Markus Sebastian Grayson;Viltrumite-Human Hybrid;Alive (Incarcerated)
2115;Denise Ferguson;Denise Ferguson;https://static.wikia.nocookie.net/amazon-invincible/images/4/45/Denise_Ferguson.png/revision/latest/scale-to-width-down/268;Invincible / Omni-Man † / Angstrom Levy;2x02;Female ♀;Earth;G.D.A. Agent;Denise Ferguson;Human;Alive
2026;Depth Dweller;Depth Dweller;https://static.wikia.nocookie.net/amazon-invincible/images/2/24/DepthDweller-render.png/revision/latest/scale-to-width-down/268;Invincible / Aquaria (attempted victim) / Atlanteans (victims / attempted victim);2x02;Female ♀;Atlantis;;Depth Dweller;Kaiju;Unknown
2027;Louise;Louise;https://static.wikia.nocookie.net/amazon-invincible/images/0/0a/Louise.jpg/revision/latest/scale-to-width-down/268;;2x02;Female ♀;Chicago;;;Human;Alive
1964;Paul;Paul;https://static.wikia.nocookie.net/amazon-invincible/images/d/df/PaulRender.png/revision/latest/scale-to-width-down/268;;2x02;Male ♂;Earth;Real Estate Agent;Paul;Human;Alive
2014;Supreme Lizard;Supreme Lizard;https://static.wikia.nocookie.net/amazon-invincible/images/d/d3/SupremeLizard-render.png/revision/latest/scale-to-width-down/268;Guardians of the Globe / King Lizard † (killer);2x02;Male ♂;Earth;Supervillain;Supreme Lizard;Human;Deceased
1858;Angstrom Levy;Angstrom Levy;https://static.wikia.nocookie.net/amazon-invincible/images/c/cd/AngstromS3.png/revision/latest/scale-to-width-down/268;The Grayson Family: / Invincible (archnemesis, attempted killer) / Debbie Grayson / Oliver Grayson / Atom Eve / Team Evil Invincible: / Capevincible (former ally) / Viltrumincible (former ally) / Movincihawk (former ally) / Nomaskible (former ally) / Stripevincible (former ally) / Prisonincible (former ally) / Omnivincible (former ally) / Maskvincible (former ally) / Guardians of the Globe / Global Defense Agency;2x01;Male ♂;Earth (formerly) / Alternate Earths;Scientist / Supervillain / Founder of Team Evil Invincible / Peacemaker (formerly) / Client of the Technicians / Police officer (in some universes) / Professor (in some universes) / Superhero (in some universes) / Apocalyptic Rebel (in some universes);Angstrom Levy;Human (Cybernetically Enhanced);Alive
1856;Bulletproof;Bulletproof;https://static.wikia.nocookie.net/amazon-invincible/images/c/c8/Bulletproof.png/revision/latest/scale-to-width-down/267;Lizard League / Sequids / Team Evil Invincible:Gogglesvincible † (attempted killer) /;2x01;Male ♂;Current:Home: Guardians Headquarters / Country: United States / Planet: Earth / Former:Home: Teen Team Base / Country: United States / Planet: Earth /;Current: / Superhero / Member of Guardians of the Globe / Former: / Member of Teen Team /;Zandale Randolph;Human (enhanced) /;Alive
1957;Corrupted Invincible;Corrupted Invincible;https://static.wikia.nocookie.net/amazon-invincible/images/6/65/Invincible_%28Alternate_Universe%29_2.png/revision/latest/scale-to-width-down/268;The Immortal † / Angstrom Levy † (attempted victim) / Atom Eve / Robot †;2x01;Male ♂;Earth;Supervillain / Superhero (formerly);Alternate Invincible #646 / Corrupted Invincible / Markus Sebastian Grayson;Viltrumite-Human Hybrid;Alive
1946;Giant;Giant;https://static.wikia.nocookie.net/amazon-invincible/images/2/29/The_Giant.webp/revision/latest/scale-to-width-down/268;Guardians of the Globe;2x01;Male ♂;Earth;;The Giant;Human (formerly) / Cyclops;Alive
1784;Conquest;Conquest;https://static.wikia.nocookie.net/amazon-invincible/images/a/af/Viltrumite_Conquest.png/revision/latest/scale-to-width-down/268;Coalition of Planets: / Thaedus † / Allen the Alien / Nolan (former ally, attempted victim) / Space Racer / Captain Pikell / Tech Jacket / Gelderian Emperor / Elia / Mokk / Battle Beast / General Telia / Marvin / Data Twin I / Global Defense Agency: / Director Cecil Stedman (captor) / Donald Ferguson / Others: / Invincible (archenemy, killer) / Oliver Grayson (attempted victim) / Atom Eve (attempted victim) /;1x08;Male ♂;Former: Residence: Viltrumite City / City: Viltrum / Planet: Viltrum /;Military Soldier;Codenames:Viltrumite Subject 4 (G.D.A. title) / Second Strongest Viltrumite (OST's title) / Nicknames:Mr. Ten Times Worse (by Cecil Stedman) / Conquest;Viltrumite;Deceased
2995;Great Wall;Great Wall;https://static.wikia.nocookie.net/amazon-invincible/images/a/a9/Mr_Liu_Bodyguard.jpg/revision/latest/scale-to-width-down/268;Machine Head / Isotope (attempted killer) / Titan;1x08;Male ♂;Earth;Bodyguard / Enforcer;;Human;Alive
3681;Gretchen Duvall;Gretchen Duvall;https://static.wikia.nocookie.net/amazon-invincible/images/1/13/Gretchen_Duvall.jpg/revision/latest/scale-to-width-down/268;Omni-Man (killer) /;1x08;Female ♀;Chicago, Illinois, United States, Earth /;;Gretchen Duvall;Human;Deceased
3341;Jessica Duvall;Jessica Duvall;https://static.wikia.nocookie.net/amazon-invincible/images/b/b2/Jessica_Duvall.jpg/revision/latest/scale-to-width-down/268;Omni-Man (killer) /;1x08;Female ♀;Chicago, Illinois, United States, Earth /;;Jessica Duvall;Human;Deceased
1834;Kregg;Kregg;https://static.wikia.nocookie.net/amazon-invincible/images/3/39/Viltrumite_Kregg.png/revision/latest/scale-to-width-down/268;Coalition of Planets: / Thaedus † / Allen the Alien / Oliver Grayson / Nolan / General Telia / Space Racer / Captain Pikell / Tech Jacket / Gelderian Emperor / Elia / Mokk / Battle Beast / Marvin / Data Twin I / Thraxans: / Andressa † / Nuolzot † / Others: / Invincible /;1x08;Male ♂;Current: / Residence: TBA / City: TBA / Planet: Earth / Former: / Residence: Viltrumite City / City: Viltrum / Planet: Viltrum /;Current: / Military General / Second-in-command of the Viltrum Empire / Biker (undercover) /;Kregg TBA (Earth name);Viltrumite;Alive
3002;Newscaster;Newscaster;https://static.wikia.nocookie.net/amazon-invincible/images/2/2d/Newscasterguy.png/revision/latest/scale-to-width-down/268;Omni-Man;1x08;Male ♂;Earth;News Reporter;;Human;Alive
1837;Thula;Thula;https://static.wikia.nocookie.net/amazon-invincible/images/6/61/Viltrumite_Thula.png/revision/latest/scale-to-width-down/267;Coalition of Planets: / Thaedus † / Allen the Alien / Nolan / Space Racer / Captain Pikell / Tech Jacket / Gelderian Emperor / Elia / Mokk / Battle Beast / General Telia / Marvin / Data Twin I / Thraxans: / Andressa † / Nuolzot † / Others: / Invincible / Kid Omni-Man /;1x08;Female ♀;Current: / Residence: TBA / City: TBA / Planet: Earth / Former: / Residence: Viltrumite City / City: Viltrum / Planet: Viltrum /;Military Soldier;Thula TBA (Earth name);Viltrumite;Alive
3483;Viltrumite Executioner 1;Viltrumite Executioner 1;https://static.wikia.nocookie.net/amazon-invincible/images/0/07/Nolansfanboy.png/revision/latest/scale-to-width-down/268;"Nolan (former idol; killer) / Allen the Alien (attempted victim; killer) / Battle Beast /";1x08;Male ♂;Former: / Residence: Viltrumite City / City: Viltrum / Planet: Viltrum /;Executioner / Military Soldier;;Viltrumite;Deceased
5434;John Wilkes Booth;John Wilkes Booth;https://static.wikia.nocookie.net/amazon-invincible/images/1/19/JohnWilkesBooth-render.png/revision/latest/scale-to-width-down/268;Abraham Lincoln (victim);1x07;Male ♂;;Actor (formerly);John Wilkes Booth;Human;Deceased
1426;D.A. Sinclair;D.A. Sinclair;https://static.wikia.nocookie.net/amazon-invincible/images/a/a9/DASinclairS1-render.png/revision/latest/scale-to-width-down/267;Invincible / William Clockwell / Rick Sheridan / Amber Bennett / Omni-Man;1x06;Male ♂;Earth;Scientist / Upstate University Student (terminated) / Member of the Global Defense Agency (currently) /;D.A Sinclair / David Anderson Sinclair;Human;Alive
1388;Doug Cheston;Doug Cheston;https://static.wikia.nocookie.net/amazon-invincible/images/a/a1/Doug_Cheston_Invincible_ep_6_%2831%29.png/revision/latest/scale-to-width-down/268;D.A. Sinclair / Invincible (unwittingly);1x06;Male ♂;Earth;College student;Doug Cheston;Human (formerly) / ReAniman;Deceased
1385;Kyle;Kyle;https://static.wikia.nocookie.net/amazon-invincible/images/d/d1/Kyle_Invincible_ep_6_%2850%29.png/revision/latest/scale-to-width-down/268;Team Evil Invincible;1x06;Male ♂;Residence: Upstate University / City: Chicago, Illinois / Country: United States / Planet: Earth /;Upstate University Student;Kyle;Human;Alive
1396;Punk Kid;Punk Kid;https://static.wikia.nocookie.net/amazon-invincible/images/9/9b/Punk_Kid_Invincible_ep_6.jpg/revision/latest/scale-to-width-down/268;Mauler Twins †;1x06;Male ♂;Earth;;;Human;Unknown (Possibly alive)
1302;Rick Sheridan;Rick Sheridan;https://static.wikia.nocookie.net/amazon-invincible/images/c/c8/RickSheridan.png/revision/latest/scale-to-width-down/268;D.A. Sinclair / ReAnimen;1x06;Male ♂;Residence: Upstate University / City: Chicago, Illinois / Country: United States / Planet: Earth /;Upstate University Student / Reginald Vel Johnson High School Student (formerly);Rick Sheridan;Human (Cyborg) / ReAniman (temporarily);Alive
1253;Adam Wilkins;Adam Wilkins;https://static.wikia.nocookie.net/amazon-invincible/images/2/28/AdamWilkins-render.png/revision/latest/scale-to-width-down/267;;1x05;Male ♂;Residence: Wilkins House / City: Chicago, Illinois / Country: United States / Planet: Earth /;Employee at a furniture store / (resigned after the Head Office's destruction)Burger Mart Employee (resigned) / Employee at a furniture store (New company);Adam Wilkins;Human;Alive
1246;B.N. Winslow;B.N. Winslow;https://static.wikia.nocookie.net/amazon-invincible/images/9/97/B.N._Winslow.png/revision/latest/scale-to-width-down/268;Team Evil Invincible: /;1x05;Male ♂;Residence: Unknown / City: Chicago, Illinois / Country: United States / Planet: Earth /;Current: / University Dean / Former: / School Principal /;Current: / Dean Winslow (official title) / Former: / Principal Winslow / (former title) / Byles Nigel Winslow;Human;Unknown
211;Battle Beast;Battle Beast;https://static.wikia.nocookie.net/amazon-invincible/images/0/02/Battle_Beast.png/revision/latest/scale-to-width-down/268;"Viltrum Empire:Grand Regent Thragg / General Kregg / Anissa / Lucan / Thula / Elix / Executioner 1 † / Executioner 2 † (victim) / Viltrumite Auxiliaries / Guardians of the Globe"" / Robot / Monster Girl / Shrinking Rae / Black Samson / Dupli-Kate / Rex Splode † / Others: / Titan / Data Twin II † /";1x05;Male ♂;;Intergalactic Warrior;Battle Beast / Thokk;Dornian /;Alive
1428;Betsy Wilkins;Betsy Wilkins;https://static.wikia.nocookie.net/amazon-invincible/images/9/94/Eve%27s_Mother.PNG/revision/latest/scale-to-width-down/268;;1x05;Female ♀;Residence: Wilkins House / City: Chicago, Illinois / Country: United States / Planet: Earth /;;Betsy Wilkins;Human;Alive
1406;Fiona;Fiona;https://static.wikia.nocookie.net/amazon-invincible/images/f/f6/Fiona-render.png/revision/latest/scale-to-width-down/268;Magnattack † (attempted killer) /;1x05;Female ♀;Residence: Titan's Tower / City: Chicago, Illinois / Country: United States / Planet: Earth /;;Fiona;Human;Alive
1725;Gary;Gary;https://static.wikia.nocookie.net/amazon-invincible/images/b/bd/Gary.jpg/revision/latest/scale-to-width-down/268;Titan;1x05;Male ♂;Chicago, Illinois, United States, Earth /;;;Human;Deceased
212;Isotope;Isotope;https://static.wikia.nocookie.net/amazon-invincible/images/8/8d/Isotoperender.png/revision/latest/scale-to-width-down/267;Guardians of the Globe / Mister Liu / Great Wall /;1x05;Male ♂;Earth;Supervillain / Lieutenant of Machine Head / Lieutenant of Titan /;;Human (enhanced) /;Alive
1414;Kevin;Kevin;https://static.wikia.nocookie.net/amazon-invincible/images/7/7b/Kevin_invincible_134.png/revision/latest/scale-to-width-down/268;Titan;1x05;Male ♂;Earth;;;Human;Alive
1931;King Lizard;King Lizard;https://static.wikia.nocookie.net/amazon-invincible/images/0/05/King_Lizard.png/revision/latest/scale-to-width-down/268;Guardians of the Globe / Supreme Lizard † (victim);1x05;Male ♂;Earth;Supervillain;King Lizard / Prince Lizard (formerly);Human;Deceased
215;Machine Head;Machine Head;https://static.wikia.nocookie.net/amazon-invincible/images/9/90/MachineHead-render.png/revision/latest/scale-to-width-down/267;Invincible / Titan / Guardians of the Globe / Mister Liu (attempted victim) / Great Wall;1x05;Male ♂;Earth;Crime Lord / Leader of The Order /;;Human (Cyborg);Alive
1223;Magmaniac;Magmaniac;https://static.wikia.nocookie.net/amazon-invincible/images/1/1a/Magmaniac-Render.png/revision/latest/scale-to-width-down/267;Invincible / Titan / Guardians of the Globe;1x05;Male ♂;Earth;Supervillain;James;Human;Alive
1245;Mr. Sayer;Mr. Sayer;https://static.wikia.nocookie.net/amazon-invincible/images/1/1b/Mr_Sayer_Invincible_%2836%29.png/revision/latest/scale-to-width-down/268;;1x05;Male ♂;Chicago, Illinois, United States, Earth /;Manager of Burger Mart;Sayer (first name unknown);Human;Unknown
1227;Roarface;Roarface;https://static.wikia.nocookie.net/amazon-invincible/images/d/d0/Roarface-rendeer.png/revision/latest/scale-to-width-down/268;Invincible;1x05;Female ♀;Earth;Supervillain;;;Alive
1413;Rose;Rose;https://static.wikia.nocookie.net/amazon-invincible/images/f/f0/Rose_Invincible_ep_5.png/revision/latest/scale-to-width-down/268;Titan;1x05;Female ♀;Earth;;;Human;Alive
1224;Tether Tyrant;Tether Tyrant;https://static.wikia.nocookie.net/amazon-invincible/images/a/ad/TetherTyrant-render.png/revision/latest/scale-to-width-down/268;Invincible / Titan / Guardians of the Globe;1x05;Male ♂;Earth;Supervillain;;Human;Alive
1415;The Elephant;The Elephant;https://static.wikia.nocookie.net/amazon-invincible/images/6/60/Elephant.png/revision/latest/scale-to-width-down/268;Invincible / Omni-Man / Atom Eve / Oliver Grayson;1x05;Male ♂;Earth;Supervillain;;Human;Alive
1412;Vanessa;Vanessa;https://static.wikia.nocookie.net/amazon-invincible/images/a/a0/Vanessa.png/revision/latest/scale-to-width-down/268;Magnattack † (attempted killer) /;1x05;Female ♀;Residence: Titan's Tower / City: Chicago, Illinois / Country: United States / Planet: Earth /;Current: Businesswoman / Former:Housewife /;Vanessa;Human;Alive
3576;Young Man;Young Man;https://static.wikia.nocookie.net/amazon-invincible/images/6/6d/YoungMan.png/revision/latest/scale-to-width-down/268;Oliver Grayson / Skater Boy / Skater Girl;1x05;;;Criminal (formerly);;Human;Alive
2820;Bryant;Bryant;https://static.wikia.nocookie.net/amazon-invincible/images/3/31/Bryant-render.png/revision/latest/scale-to-width-down/268;;1x04;Male ♂;;;Zaeim / Bryant;Human;Deceased
2196;Ka-Hor;Ka-Hor;https://static.wikia.nocookie.net/amazon-invincible/images/9/9e/KaHor-render.png/revision/latest/scale-to-width-down/268;Nogogglesible / Invincible /;1x04;Male ♂;Egypt;;MasterNicknames: / Misogynistic jerk (by Riley) / Ka-Hor;Human (undead, cursed);Undead
1380;Martian Emperor;Martian Emperor;https://static.wikia.nocookie.net/amazon-invincible/images/f/f4/MartianEmperor-render.png/revision/latest/scale-to-width-down/267;Sequids / Shapesmith;1x04;Male ♂;Mars;Emperor of Mars;;Martians;Alive
1244;Mister Liu;Mister Liu;https://static.wikia.nocookie.net/amazon-invincible/images/b/bc/Weakened_Liu.jpg/revision/latest/scale-to-width-down/268;Invincible / Machine Head (attempted killer, superior) / Atom Eve / Omni-Man / Titan / Oliver Grayson / Debbie Grayson;1x04;Male ♂;Earth;Leader of The Order (formerly) / Supervillain;刘 (Hanzi, Simplified) / 劉 (Hanzi, Traditional) / Liú (Pinyin) /;Human (magically enhanced) /;Alive
2247;Rus Livingston;Rus Livingston;https://static.wikia.nocookie.net/amazon-invincible/images/7/76/RusLivingstonS2-render.png/revision/latest/scale-to-width-down/268;Guardians of the Globe (involuntarily) / Invincible (involuntarily, killer) / Martians;1x04;Male ♂;Earth;AstronautLeader of Sequids (mind controlled);Russell Livingston;Human;Deceased
1292;Sequid;Sequid;https://static.wikia.nocookie.net/amazon-invincible/images/c/c9/Sequid-render.png/revision/latest/scale-to-width-down/268;Martians / Invincible / Guardians of the Globe;1x04;;Nomadic;;;;Inactive
1857;Shapesmith;Shapesmith;https://static.wikia.nocookie.net/amazon-invincible/images/b/b7/Shapesmith-render.png/revision/latest/scale-to-width-down/268;Sequids / Rus Livingston † / Lizard League / Powerplex / Team Evil Invincible:Nogogglesible (attempted killer) /;1x04;Male ♂;;Superhero;Rus Livingston / Shapesmith / The Great Betrayer /;Martian;Alive
1932;Aquaria;Aquaria;https://static.wikia.nocookie.net/amazon-invincible/images/7/76/QueenAquaria.png/revision/latest/scale-to-width-down/268;Omni-Man;1x03;Female ♀;Atlantis;Queen of Atlantis;;Atlantean;Alive
3890;Big Mildew;Big Mildew;https://static.wikia.nocookie.net/amazon-invincible/images/a/a9/Big_Mildew.png/revision/latest/scale-to-width-down/268;Team Evil Invincible:Stripevincible (attempted killer) / Slaying Mantis /;1x03;Male ♂;Earth;;Large Green HeroBig Green Gary;Unknown;Alive
850;Black Samson;Black Samson;https://static.wikia.nocookie.net/amazon-invincible/images/3/32/Black_samson_render.png/revision/latest/scale-to-width-down/268;Battle Beast / Machine Head / Isotope / Magmaniac / Furnace / Kursk / Tether Tyrant / Omni-Man / Giant / Lizard League / Iguana † / Team Evil Invincible:Nogogglesible (attempted killer) /;1x03;Male ♂;Earth;Superhero;Markus Grimshaw;Human (enhanced) /;Alive
3858;British Knight;British Knight;https://static.wikia.nocookie.net/amazon-invincible/images/b/b1/British_Knight_Transparent.png/revision/latest/scale-to-width-down/268;Team Evil Invincible:Stripevincible (killer) /;1x03;Male ♂;EarthCountry: United Kingdom /;Superhero;British Knight;Human;Deceased
1255;Bug-Eye;Bug-Eye;https://static.wikia.nocookie.net/amazon-invincible/images/c/ce/Bug-Eyed.png/revision/latest/scale-to-width-down/267;Capvincible † (victim) / Hairvincible † (victim) /;1x03;Female ♀;Earth;Superhero;;Human;Alive
1261;Burly;Burly;https://static.wikia.nocookie.net/amazon-invincible/images/9/9e/Burly_Transparent.png/revision/latest/scale-to-width-down/267;Team Evil InvincibleHoodvincible † (attempted killer) /;1x03;Male ♂;Earth;Superhero;;Human;Alive
3742;Business Baby;Business Baby;https://static.wikia.nocookie.net/amazon-invincible/images/c/cf/Business_Baby.png/revision/latest/scale-to-width-down/268;Stripevincible (attempted killer) / Slaying Mantis /;1x03;Male ♂;Earth;Superhero;;Human;Alive
233;Doc Seismic;Doc Seismic;https://static.wikia.nocookie.net/amazon-invincible/images/5/5c/DocSeismic-render.png/revision/latest/scale-to-width-down/268;Guardians of the Globe: (attempted victims) / Rex Splode † / Dupli-Kate / The Immortal / Shrinking Rae / Shapesmith / Bulletproof / Others: (attempted victims) / ReAnimen / Darkwing II / Invincible / Atom Eve /;1x03;Male ♂;Earth;Supervillain;Doc Seismic (alter-ego, current alias);Human (peak) /;Alive
1705;Hail Mary;Hail Mary;https://static.wikia.nocookie.net/amazon-invincible/images/f/fc/HailMary-render.png/revision/latest/scale-to-width-down/268;Omni-Man / Invincible;1x03;Female ♀;Earth;;Hail Mary (code name) / None;Kaiju;Alive
1238;Man Kong;Man Kong;https://static.wikia.nocookie.net/amazon-invincible/images/6/6d/Man_Kong_Transparent.png/revision/latest/scale-to-width-down/268;;1x03;Male ♂;Earth;Superhero;;Human;Alive
138;Monster Girl;Monster Girl;https://static.wikia.nocookie.net/amazon-invincible/images/2/29/Amanda.png/revision/latest/scale-to-width-down/268;Battle Beast / Machine Head / Kursk / Furnace / Magmaniac / Tether Tyrant / Team Evil Invincible:Gogglesvincible † (attempted killer) /;1x03;Female ♀;Residence: Teen Team Base / City: Chicago, Illinois / Country: United States / Planet: Earth /;Current: / Superhero / Member of Guardians of the Globe / Former: / Member of Teen Team /;Current: / Former: / Monster Woman / Amanda;Human (magically enhanced) /;Alive
1242;Multi-Paul;Multi-Paul;https://static.wikia.nocookie.net/amazon-invincible/images/7/74/MultiPaul-render.png/revision/latest/scale-to-width-down/268;Rex Splode † (attempted victim) / Invincible / Elite Guard / Atom Eve;1x03;Male ♂;Earth;Enforcer for the Order / Supervillain;Paul Cha / 查保罗 (Hanzi, Simplified) / 查保羅 (Hanzi, Traditional) /;Human (magically enhanced) /;Alive
1257;Pangea;Pangea;https://static.wikia.nocookie.net/amazon-invincible/images/5/5f/Pangea_Transparent.png/revision/latest/scale-to-width-down/268;Team Evil InvincibleHoodvincible † (attempted killer) /;1x03;Female ♀;Earth;Superhero;;Human;Alive
1724;Pete;Pete;https://static.wikia.nocookie.net/amazon-invincible/images/7/71/Pete_Transparent.png/revision/latest/scale-to-width-down/268;Mauler Twins;1x03;Male ♂;Earth;Prison Guard;Peter;Human;Alive
1267;Shrapnel;Shrapnel;https://static.wikia.nocookie.net/amazon-invincible/images/b/b8/Shrapnel.PNG/revision/latest/scale-to-width-down/267;Team Evil InvincibleHoodvincible † (killer) /;1x03;Female ♀;Earth;Superhero;Shrapnel;Human;Deceased
751;Shrinking Rae;Shrinking Rae;https://static.wikia.nocookie.net/amazon-invincible/images/9/98/Newraerender.png/revision/latest/scale-to-width-down/268;Battle Beast / Kursk / Furnace / Tether Tyrant / Magmaniac / Mauler Twins / Giant / Lizard League / Salamander † (victim) /;1x03;Female ♀;"Brooklyn; New York City, United States, Earth /";Superhero (formerly) / Unknown;Rachel;Human (enhanced) /;Alive
1236;The Hunk;The Hunk;https://static.wikia.nocookie.net/amazon-invincible/images/7/71/The_Hunk.PNG/revision/latest/scale-to-width-down/268;Team Evil Invincible:Nomaskible (killer) /;1x03;Male ♂;Earth;Superhero;;Human;Deceased
1240;Throwbolt;Throwbolt;https://static.wikia.nocookie.net/amazon-invincible/images/6/6b/Throwbolt_Transparent.png/revision/latest/scale-to-width-down/268;Doc Seismic / Capvincible † (victim) / Hairvincible † (victim) /;1x03;Female ♀;Earth;Superhero;;Human;Alive
1233;Two Punch Man;Two Punch Man;https://static.wikia.nocookie.net/amazon-invincible/images/b/b8/TwoPunchMan-render.png/revision/latest/scale-to-width-down/267;Doc Seismic / Magmanites / Team Evil Invincible:Hoodvincible † (attempted killer) /;1x03;Male ♂;Earth;Superhero;;Human (enhanced);Alive
208;Allen the Alien;Allen the Alien;https://static.wikia.nocookie.net/amazon-invincible/images/f/fe/Screenshot_2026-04-16_162632.png/revision/latest/scale-to-width-down/268;Viltrum Empire:Grand Regent Thragg / General Kregg / Conquest † / Anissa / Thula / Lucan / Kradd † / Vidor † / Elix / Torth † (victim) / Executioner 1 † (victim) / Executioner 2 † / Others:Prison Alien Guards / Data Twin II / Various subjugated races /;1x02;Male ♂;Residence: Allen's Home / City: Talescria / Planet: Talescria /;Leader of the Coalition of Planets;Allen the Alien / Allen of Unopa / The Mighty Allen / Great Allen /;Artificial Unopan;Alive
122;Atom Eve;Atom Eve;https://static.wikia.nocookie.net/amazon-invincible/images/7/74/Atom-EveProfile.png/revision/latest/scale-to-width-down/268;Flaxans: / Flaxan Leader † / Lizard League: / King Lizard † / Viltrum Empire: / Omni-Man (briefly) / Conquest † / Team Evil Invincible: / Hoodvincible † / Omnivincible / Others: / Doc Seismic / Killcannon (archenemy) / Steven Erickson (archenemy) / Rodgers / Sequids / Powerplex / Mister Liu / Universa /;1x02;Female ♀;Residences: / Wilkins House / Atom Eve's Home / City: Chicago, Illinois / Country: United States /;Superhero / Humanitarian / Founder of Invincible Inc. / Upstate University Student / Reginald Vel Johnson High School Student (graduated);Phase One (designation) / Nicknames:Gender Stereotype (by Doc Seismic) / Kitten, Witch, Magic Girlfriend (all by Conquest) / Samantha Eve Wilkins;Human (genetically engineered) /;Alive (resurrected)
207;Cecil Stedman;Cecil Stedman;https://static.wikia.nocookie.net/amazon-invincible/images/f/f1/CecilProfile.png/revision/latest/scale-to-width-down/267;Viltrum Empire / Omni-Man / Flaxans / Damien Darkblood (banished) / Machine Head / Powerplex / Force Fist † (victim) / Knuckle Buster † (victim) / Lizard League / Komodo Dragon † / Flaxancible † / Omnivincible (indirectly) / Hoodvincible † (indirectly) /;1x02;Male ♂;Residence: The Pentagon / City: Washington, DC. / Country: United States / Planet: Earth /;Director of the Global Defense Agency;Director Stedman (title) / Cecil Stedman;Human;Alive
851;Damien Darkblood;Damien Darkblood;https://static.wikia.nocookie.net/amazon-invincible/images/0/09/Damien_Darkblood.png/revision/latest/scale-to-width-down/267;Global Defense Agency:Cecil Stedman / Donald Ferguson / Volcanikka / Magmanites / Cerberus / The Vile;1x02;Male ♂;Hell;Current: / Sorcerer / Detective /;Great Horned Holmes (by Cecil) / Damien Darkblood;Demon;Alive
460;Donald Ferguson;Donald Ferguson;https://static.wikia.nocookie.net/amazon-invincible/images/a/a7/Donald_Ferguson.png/revision/latest/scale-to-width-down/267;Omni-Man / Flaxancible † / Lightblueincible † (possible attempted killer) /;1x02;Male ♂;Residence: The Pentagon / City: Washington DC. / Country: United States / Planet: Earth /;G.D.A. Agent / Second-in-command of the G.D.A. /;Donald Ferguson;Human (cyborg);Alive
120;Dupli-Kate;Dupli-Kate;https://static.wikia.nocookie.net/amazon-invincible/images/8/80/Dupli-KateProfile.png/revision/latest/scale-to-width-down/268;Flaxans / Machine Head / Kursk / Tether Tyrant / Furnace / Magmaniac / Battle Beast / Lizard League / Team Evil Invincible:Nogogglesible (attempted killer) /;1x02;Female ♀;Earth;Superhero;查凯瑟琳 (Hanzi, Simplified) / 查凱瑟琳 (Hanzi, Traditional) / Katherine Cha /;Human (magically enhanced) /;Alive
1735;Flaxan Leader;Flaxan Leader;https://static.wikia.nocookie.net/amazon-invincible/images/a/af/FlaxanLeader-render.png/revision/latest/scale-to-width-down/268;Invincible / Omni-Man (killer) / Teen Team;1x02;Male ♂;The Flaxan Dimension;Flaxan Soldier / Leader of the Flaxans;Flaxan Leader;Flaxan;Deceased
1379;Matt;Matt;https://static.wikia.nocookie.net/amazon-invincible/images/1/15/Matt_Invincible_ep_6_%2868%29.png/revision/latest/scale-to-width-down/268;Mauler Twins †;1x02;Male ♂;Earth;;Matthew;Human;Unknown (possibly alive)
1635;Maya;Maya;https://static.wikia.nocookie.net/amazon-invincible/images/7/77/Maya-render.png/revision/latest/scale-to-width-down/268;Flaxans;1x02;Female ♀;Earth;;Maya;Human;Deceased
6709;Nolan's mother;Nolan's mother;https://static.wikia.nocookie.net/amazon-invincible/images/6/66/Nolan%27s_Mother.webp/revision/latest/scale-to-width-down/268;;1x02;Female ♀;Residence: Viltrumite City / City: Viltrum / Planet: Viltrum /;Former: / Military Soldier /;;Viltrumite;Deceased
118;Rex Splode;Rex Splode;https://static.wikia.nocookie.net/amazon-invincible/images/8/87/Rex-SplodeProfile.png/revision/latest/scale-to-width-down/268;Flaxans / Lizard League: / King Lizard † (victim) / Salamander † / Iguana † (victim) / Komodo Dragon † (victim) / Multi-Paul (attempted killer) / Machine Head / Battle Beast / Tether Tyrant / Magmaniac / Furnace / Kursk / Octoboss / ReAnimen / Team Evil Invincible:Gogglesvincible † (victim) /;1x02;Male ♂;Residence: Teen Team Base / City: Chicago, Illinois / Country: United States / Planet: Earth /;Superhero;Rex Sloan;Human (enhanced) /;Deceased
210;Robot;Robot;https://static.wikia.nocookie.net/amazon-invincible/images/e/ed/RobotProfile.png/revision/latest/scale-to-width-down/267;Flaxans / Battle Beast / Kursk / Furnace / Magmaniac / Machine Head / Tether Tyrant / Mauler Twins † / Lizard League / Sequids / Team Evil Invincible:Gogglesvincible † (attempted killer) /;1x02;Male ♂;Current: / Residence: TBA / City: TBA / Country: TBA / Planet: Flaxan Dimension / Former: / Residence: Guardians Headquarters / City: Utah / Country: United States / Planet: Earth / Residence: Teen Team Base / City: Chicago, Illinois / Country: United States / Planet: Earth /;Current: / Superhero / Resident of the Flaxan Dimension / Member of Guardians of the Globe / Former: / Leader of Teen Team /;Rudolph Connors (birth name) / Rudy / Rex / Nicknames:Robo-Buddy (by Gogglesvincible) / Rex Connors;Human;Deceased (original) / Alive (clone)
1620;Unopan;Unopan;https://static.wikia.nocookie.net/amazon-invincible/images/d/d3/Unopans-render.png/revision/latest/scale-to-width-down/268;Viltrumites;1x02;;Unopa (destroyed) / Talescria (current) / Little Unopa / Nomadic /;;;;Endangered
226;Amber Bennett;Amber Bennett;https://static.wikia.nocookie.net/amazon-invincible/images/4/4f/2Amber.png/revision/latest/scale-to-width-down/267;Todd / D.A. Sinclair / ReAnimen / Anissa;1x01;Female ♀;Residence: Upstate University / City: Chicago, Illinois / Country: United States / Planet: Earth /;Upstate University Student / Reginald Vel Johnson High School Student (graduated) / Soup Kitchen Worker;Amber Justine Bennet;Human;Alive
666;Aquarus;Aquarus;https://static.wikia.nocookie.net/amazon-invincible/images/1/1d/Aquarus.png/revision/latest/scale-to-width-down/268;Lizard League / Mauler Twins / Omni-Man;1x01;Male ♂;Earth;King of Atlantis / Superhero;Aquarus;Atlantean;Deceased
389;Art Rosenbaum;Art Rosenbaum;https://static.wikia.nocookie.net/amazon-invincible/images/3/3e/Art_Rosenbaum.png/revision/latest/scale-to-width-down/267;;1x01;Male ♂;Residence: Tailor Shoppe / City: Chicago, Illinois / Country: United States / Planet: Earth /;Tailor;Art / Arthur Rosenbaum;Human;Alive
835;Bi-Plane;Bi-Plane;https://static.wikia.nocookie.net/amazon-invincible/images/5/52/Bi-Plane_Invincible_956.png/revision/latest/scale-to-width-down/268;Guardians of the Globe / The Immortal (indirect killer) /;1x01;Male ♂;Earth;Supervillain;;Human;Deceased
260;Darkwing;Darkwing;https://static.wikia.nocookie.net/amazon-invincible/images/d/d1/Darkwing-render.png/revision/latest/scale-to-width-down/267;Chronodile / Mauler Twins † / Sam † / Sam's Friend † / Omni-Man;1x01;Male ♂;Earth;Superhero;;Human;Deceased
123;Debbie Grayson;Debbie Grayson;https://static.wikia.nocookie.net/amazon-invincible/images/c/cb/DebbieProfile.png/revision/latest/scale-to-width-down/268;;1x01;Female ♀;Residence: Grayson House / City: Chicago, Illinois / Country: United States / Planet: Earth /;Real Estate Agent;Debbie / Deborah Grayson;Human;Alive
1222;Furnace;Furnace;https://static.wikia.nocookie.net/amazon-invincible/images/0/0f/Furnace.png/revision/latest/scale-to-width-down/267;Invincible / Titan / Guardians of the Globe;1x01;Male ♂;Earth;Supervillain;;;Alive
258;Green Ghost II;Green Ghost II;https://static.wikia.nocookie.net/amazon-invincible/images/0/0a/GreenGhost-render.png/revision/latest/scale-to-width-down/268;Mauler Twins / Omni-Man;1x01;Female ♀;Earth;Photographer / Superhero;Alana;Human;Deceased
229;The Immortal;The Immortal;https://static.wikia.nocookie.net/amazon-invincible/images/e/e8/Immortal-render.png/revision/latest/scale-to-width-down/267;Lizard League / Team Evil Invincible: / Nogogglesible (killer) / Others: / Bi-Plane † (indirect victim) / Omni-Man (killer) / Mauler Twins † / Powerplex / John Wilkes Booth † (killer) /;1x01;Male ♂;Cabin in Alaska, Earth /;Celtic Warrior (formerly) / Knight (formerly) / President of the United States (formerly) / Superhero (retired);Abraham Lincoln / The Immortal;Human (supernaturally enhanced) /;Alive
112;Invincible;Invincible;https://static.wikia.nocookie.net/amazon-invincible/images/a/a3/Invincible_%28Mark_Grayson%29.png/revision/latest/scale-to-width-down/268;"Viltrum Empire: / Grand Regent Thragg / (archenemy) / General Kregg / Conquest † (arch-nemesis, victim) / Anissa / Lucan / Thula / Vidor † / Kradd † / Elix / Flaxans: / Flaxan Leader † / Machine Head's Crew: / Machine Head / Isotope / Tether Tyrant / Kursk / Furnace / Magmaniac / Team Evil Invincible: / Movincihawk / Hoodvincible † / Omnivincible / Others: / Angstrom Levy (arch-nemesis) / Powerplex (nemesis; one-sided) / The Immortal (future timeline; victim) / Dinosaurus / Elephant / Sequids / Mauler Twins / D.A. Sinclair / ReAnimen / Doc Seismic / Killcannon / Prof. Ock / Mister Liu / Universa / Cerberus / The Vile / Volcanikka /";1x01;Male ♂;Residence: Grayson House / City: Chicago, Illinois / Country: United States / Planet: Earth /;Current: / Superhero / Superhero Mentor / Agent of Invincible Inc. / Former: / Upstate University Student (dropped out) / Viltrumite Agent of Earth (formerly) / Reginald Vel Johnson High School Student (graduated in 2023 at 18) / Burger Mart Employee (resigned) /;Viltrumite Subject 2 (G.D.A. Title) / Invinciboy (media mock name) / Nicknames:Boy Scout (by Monster Girl) / Token Diversity (by Doc Seismic) / Brah-Brah (by Oliver) / Boy (by Conquest) / Markus Sebastian Grayson;Viltrumite-Human hybrid;Alive
838;Killcannon;Killcannon;https://static.wikia.nocookie.net/amazon-invincible/images/d/d1/Killcannon.png/revision/latest/scale-to-width-down/267;Invincible / Atom Eve (archenemy);1x01;Male ♂;Earth;Supervillain;;Human;Alive
844;Kursk;Kursk;https://static.wikia.nocookie.net/amazon-invincible/images/6/64/Kursk-render.png/revision/latest/scale-to-width-down/267;Invincible / Red Rush † / Titan / Guardians of the Globe;1x01;Male ♂;Earth;Supervillain;Курск (Cyrillic)Kursk;Human;Alive
623;Martian Man;Martian Man;https://static.wikia.nocookie.net/amazon-invincible/images/4/49/MartianMan-render.png/revision/latest/scale-to-width-down/268;Mauler Twins / Omni-Man;1x01;Male ♂;Mars (formerly) / Earth;Superhero;;Martian;Deceased
213;Mauler Twins;Mauler Twins;https://static.wikia.nocookie.net/amazon-invincible/images/a/a0/MaulerTwin-render.png/revision/latest/scale-to-width-down/267;Guardians of the Globe / Invincible / Omni-Man / Kid Omni-Man (killer) / Robot / Steve / Pete;1x01;Male ♂;Earth;Scientists / Supervillains;Mauler Twins / Maulers;Unknown;Deceased
1275;Nikki;Nikki;https://static.wikia.nocookie.net/amazon-invincible/images/4/4d/Nikki-render.png/revision/latest/scale-to-width-down/268;;1x01;Female ♀;Earth;;Nikki;Human;Alive
1277;Olga;Olga;https://static.wikia.nocookie.net/amazon-invincible/images/c/cd/Olga-render.png/revision/latest/scale-to-width-down/268;;1x01;Female ♀;Earth;;Ольга (cyrillic) / Olga (romanized);Human;Unknown
115;Omni-Man;Omni-Man;https://static.wikia.nocookie.net/amazon-invincible/images/8/8d/Nolan_coalition_fullbod.png/revision/latest/scale-to-width-down/267;Viltrum Empire: / Grand Regent Thragg (archenemy) / General Kregg / Conquest † / Anissa / Thula / Lucan / Elix / Kradd † / Vidor † (victim) / Executioner 1 † (victim) / Executioner 2 † / Guardians of the Globe: (victims) / The Immortal (attempted victim) / Aquarus † / Darkwing † / Green Ghost † / Martian Man † / Red Rush † / War Woman † / Global Defense Agency: / Cecil Stedman / Donald Ferguson / G.D.A. Soldiers / ReAnimen / Others: / Beach Kaiju † (victim) / Flaxans / Mauler Twins † / Rognarrs / William Clockwell / Hail Mary / Viltrumite Auxiliaries /;1x01;Male ♂;Current: / Residence: Allen's Home / City: Talescria Central City / Planet: Talescria / Former: / Residence: Viltrumite City / City: Viltrumite City / Planet: Viltrum / Residence: Grayson House / City: Chicago, Illinois / Country: United States / Planet: Earth / Residence: Thraxan Royal Palace / City: Thraxan City / Planet: Thraxa /;Current: / Coalition Soldier / Former: / Viltrumite Researcher / Viltrumite Soldier / Viltrumite Agent of Earth / Writer (cover) / Superhero / Supervillain (temporary) / Emperor of Thraxa /;Codenames:The Great Nolan (first title) / Nolan Grayson (Earth name) / Viltrumite Subject 1 / (G.D.A. Title) / The Monarch (second title) / Nicknames:The Reservist (by War Woman) / The Good Viltrumite (by Captain Pikell) / Everyone's Favorite Traitor (by Conquest) /;Viltrumite /;Alive
624;Red Rush;Red Rush;https://static.wikia.nocookie.net/amazon-invincible/images/3/37/RedRush-render.png/revision/latest/scale-to-width-down/267;Kursk / Mauler Twins / Lizard League / Omni-Man;1x01;Male ♂;;Superhero;Йозеф (Cyrillic)Josef (romanized);Human (enhanced);Deceased
1401;Sam;Sam;https://static.wikia.nocookie.net/amazon-invincible/images/1/13/Sam-render.png/revision/latest/scale-to-width-down/268;Darkwing † / Darkwing II;1x01;Male ♂;Midnight City;Criminal;Sam;Human;Deceased
1912;Sam's Friend;Sam's Friend;https://static.wikia.nocookie.net/amazon-invincible/images/d/df/Sam%27s_Friend.png/revision/latest/scale-to-width-down/267;Darkwing †Darkwing II;1x01;Male ♂;Midnight City;Criminal;;Human;Deceased
1910;Seance Dog;Seance Dog;https://static.wikia.nocookie.net/amazon-invincible/images/7/78/SeanceDog-render.png/revision/latest/scale-to-width-down/268;;1x01;Male ♂;;;;Anthropomorphic Dog;
1378;Steve;Steve;https://static.wikia.nocookie.net/amazon-invincible/images/7/7a/Steve-render.png/revision/latest/scale-to-width-down/268;Mauler Twins †;1x01;Male ♂;Earth;Security Guard;;Human;Alive
502;Titan;Titan;https://static.wikia.nocookie.net/amazon-invincible/images/3/3b/TitanS3-render.png/revision/latest/scale-to-width-down/267;Others: / Battle Beast / Tether Tyrant / Magmaniac / Magnattack † (victim) /;1x01;Male ♂;Residence: Titan's Tower / City: Chicago, Illinois / Country: United States / Planet: Earth /;Enforcer (formerly)Crime Lord;;Human (enhanced) /;Alive
1298;Todd Williams;Todd Williams;https://static.wikia.nocookie.net/amazon-invincible/images/1/1b/Todd_Invincible_ep_1.jpg/revision/latest/scale-to-width-down/268;Mark Grayson (formerly) / Amber Bennett (love interest) / William Clockwell;1x01;Male ♂;Earth;High school student (graduated);Todd Williams;Human;Alive
665;War Woman;War Woman;https://static.wikia.nocookie.net/amazon-invincible/images/5/5a/WarWoman-render.png/revision/latest/scale-to-width-down/268;Mauler Twins † / Lizard League / Omni-Man /;1x01;Female ♀;Earth;Super Hero / Business Woman;Holly Haven;Human (enhanced);Deceased
791;War Woman II;War Woman II;https://static.wikia.nocookie.net/amazon-invincible/images/c/cc/War_Woman_II.jpg/revision/latest/scale-to-width-down/268;Omni-ManInvincible;1x01;Female ♀;Earth;Businesswoman (formerly) / Supervillainess;Connie;Human;Alive
